train/epoch,eval/D_high,eval/R_high,eval/R_mean,eval/sd_mean,train/theta_loss,eval/D_low,eval/R_low,train/pde_loss,eval/sd_low,eval/sd_high,train/time,train/mse,train/callback_time,train/gls_loss,eval/D_mean,train/progress,eval/ci_range,train/sol_loss
2000,1.1218109399080276,0.9535558119416235,0.47370112,36.27198724541813,0.1865275353193283,0.028501546988263727,0.23559038005769253,69.39543087983147,8.910292317159474,199.349860474467,0.023854094028472904,0.008987911976873875,0.0010134519338607776,2308.6188589782614,0.19900411,0.01,365.873779296875,6.843088656723467
4000,0.0346098966896534,0.5056628450751305,0.4930895,7.122075556544587,0.06804431229829788,0.027285453816875815,0.4761849336326122,2.009813017189502,5.818345211446285,8.733099536038935,0.02309936702251442,0.005371844861656427,0.0009649839401245099,703.3925975189183,0.032256804,0.02,138.3062286376953,1.6545275751352297
6000,0.026600576424971222,0.5004483461380005,0.4874582,5.408110657706857,0.031892962753772736,0.02186540816910565,0.47870475649833677,1.1236397313624615,5.100806849077344,5.771351943258196,0.023115890264511118,0.007487414870411158,0.0009519909620285055,437.6544905853282,0.024043746,0.03,131.32225036621094,1.054165729522707
8000,0.021686478285118937,0.49666846767067907,0.48914355,5.436053928220645,0.029597043991088867,0.018880580086261034,0.4803916268050671,0.9824126079641283,5.057562910951674,6.059879681561141,0.02321649694442749,0.003710950957611203,0.0009574464559555075,361.32615702819794,0.020095853,0.04,125.47117614746094,0.8641142788827415
10000,0.01975595806725323,0.491022153198719,0.47778586,7.425075432751328,0.08232662081718445,0.018216922087594865,0.4641157753765583,1.1381227036230275,6.0569613124243915,8.944192877970636,0.023208992838859535,0.0048456816002726555,0.0009628562927246076,371.61986880493265,0.01882412,0.05,132.1996307373047,0.8806690523624418
12000,0.020028297696262597,0.4707941502332687,0.45383397,10.79730825824663,0.0068334005773067474,0.018454061169177294,0.4394431643188,1.2067390082329514,9.180057351477444,12.524882564321159,0.02323569810390471,0.003694945713505149,0.0009642165899276735,381.562263122558,0.019054636,0.06,127.11396026611328,0.8936116595566262
14000,0.02020357921719551,0.4425717040896416,0.43247446,14.634909724351019,0.014385493472218513,0.018327733082696796,0.42318939715623854,1.22096794843115,12.631008983589709,16.28701649606228,0.02325609111785891,0.004615185782313347,0.0009626294374465941,390.82535914611884,0.019127427,0.07,128.98574829101562,0.9075906813442698
16000,0.019494596077129243,0.43160662502050395,0.42038372,16.442865059245378,0.008977149613201618,0.017670793319121005,0.4110128752887249,1.1411491398550615,15.516771422699094,17.79299001209438,0.02325887703895571,0.006665847264230251,0.0009665940999984771,395.4151691436756,0.018437415,0.08,125.44046783447266,0.9212616491615799
18000,0.03111783820204435,0.4505795523524284,0.41318473,20.620473065413535,0.002282597590237856,0.017022202583029868,0.40155974477529527,1.1481830804105835,17.12356423959136,36.83078717440364,0.023279023408889814,0.004210368264466524,0.0009695990085601796,488.7268617706303,0.01878213,0.09,163.49000549316406,1.098941694229841
20000,0.01798736383207142,0.40738191828131676,0.39417112,25.509476689621806,0.003575738752260804,0.016226039780303837,0.3796660043299198,1.0582149589415653,22.619737638160586,27.476250333711505,0.023297972559928975,0.009321358986198902,0.0009681291580200188,404.23634133911145,0.01710128,0.1,116.47209167480469,0.8616881722211827
22000,0.016567739332094787,0.3813401460647583,0.37651002,25.51616066414863,0.000734788307454437,0.014416461088694632,0.37163249403238297,0.4696375456061229,24.93158341385424,26.379715744405985,0.023254593968391392,0.003375360742211342,0.0009640412330627438,321.7593228454594,0.015308753,0.11,80.11162567138672,0.6455302536487577
24000,0.016357407625764608,0.37998032942414284,0.3736139,26.13159143552184,0.0005948022590018809,0.013534486154094338,0.3645705714821815,0.20630381608242232,24.97862773016095,28.46089554950595,0.023435227036476124,0.0031875960994511843,0.0009659141302108776,266.2112041778553,0.014658236,0.12,70.36366271972656,0.5040013777911686
26000,0.016256886767223474,0.379490315169096,0.36843613,27.937785835626226,0.0005731828860007226,0.01312938469927758,0.3536261297762394,0.12869806093536248,25.020086532458663,32.70452292636037,0.023504090309143064,0.003018558258190751,0.0009779367446899436,245.03791293334962,0.014235855,0.13,63.906673431396484,0.4046757173836221
28000,0.016164652816951276,0.37913312688469886,0.36332604,28.96132681868039,0.00040986042586155236,0.01231347166467458,0.3458067215979099,0.10985727282939478,25.056381663307548,32.758960127830505,0.023616353392601038,0.0029708161018788815,0.0009841731786727884,234.46595817565907,0.013838785,0.14,59.69322204589844,0.37017830552160735
30000,0.016086835507303478,0.3788022123277187,0.35899603,30.27160396222025,0.0003576385206542909,0.011792932986281812,0.3397450804710388,0.08048650320153675,25.090219918638468,37.520093470811844,0.023414807438850403,0.0029500832315534353,0.00098174881935119,228.27015530395533,0.013464275,0.15,56.82442092895508,0.3103398786038161
32000,0.015997964749112727,0.3785566702485085,0.35497293,31.683351527433842,0.0002959731500595808,0.0116225111996755,0.3298314593732357,0.05671673471806574,25.12367833405733,39.53695623204112,0.02328908574581145,0.003003409132361412,0.0009733110666275016,227.99296354675255,0.013175506,0.16,54.3408317565918,0.2700539344549187
34000,0.015920853056013585,0.37837579995393755,0.35059354,32.93731186711894,0.00030130971572361887,0.01117523703724146,0.3216980196535587,0.054023291647434246,25.152259645983577,40.85259512066841,0.023439466953277602,0.00301157939247787,0.0009901987314224268,227.6122111129759,0.01291464,0.17,52.38821792602539,0.23711858677118972
36000,0.015846266131848096,0.3781857766211033,0.3467768,34.0146479337709,0.0002241825859528035,0.010784224304370583,0.31944608613848685,0.0536409319222439,25.183093501254916,42.3838765360415,0.023515844941139216,0.0029246555641293526,0.0009981567859649663,222.31791357421847,0.012658189,0.18,51.15916061401367,0.21090978970378635
38000,0.015797106549143788,0.3780282773077488,0.34385327,35.00138501377983,0.00022138158965390176,0.010748391901142896,0.31909259259700773,0.04200092476909037,25.212370790541172,43.846927024424076,0.023571364760398904,0.002930113347247243,0.0009985606670379593,221.63956494140635,0.012451777,0.19,49.8719596862793,0.18845023645460554
40000,0.01572332601062953,0.37788437083363535,0.34141967,35.73650080459193,0.000210853511816822,0.0105925174895674,0.31860558688640594,0.036461021616822166,25.235627265647054,43.79054633900523,0.023777790784835873,0.0028225877322256565,0.0009970738887786893,219.02673558044484,0.012277756,0.2,48.75117111206055,0.17179820067435556
42000,0.015664190286770463,0.3777621313929558,0.33967388,36.313438794236966,0.00020007540297228843,0.010481177270412445,0.3186467573046684,0.029376768340356713,25.2585981041193,43.674589041620486,0.024156414628028818,0.002861475571990013,0.0010119656324386577,216.71819101715104,0.012115917,0.21,47.73588562011719,0.16569041845202465
44000,0.015608456404879689,0.3776162765920162,0.33855486,36.715181283264734,0.0002647492801770568,0.010480917803943158,0.31869233697652816,0.02952006941707811,25.281263887882233,43.59847838059067,0.02400430333614348,0.0028751182835549116,0.0010090652704238911,216.59513311767572,0.011993876,0.22,46.805259704589844,0.1750790047645564
46000,0.015565407229587434,0.3775242604315281,0.33817917,37.06385054990936,0.00019766237528529018,0.010481833247467875,0.31874868646264076,0.030212427823804334,25.301962392404675,43.53051166981459,0.024091536998748712,0.0028626222629100084,0.0010118449926376386,218.6481962127686,0.011906449,0.23,46.28577423095703,0.16858301267772885
48000,0.015502014663070437,0.3774319998919964,0.338241,37.420301757819416,0.00018032941443379968,0.010482683381997048,0.3188034564256668,0.03385493959742602,25.326839461922646,43.42742944136261,0.02430905807018282,0.002922104438766837,0.001005783915519712,218.28728114318815,0.01181528,0.24,45.9570426940918,0.15763855195045526
50000,0.015429372549988328,0.3773383542895317,0.3385459,37.84937523460636,0.0001899576309369877,0.010481333523057402,0.31884298026561736,0.025325544638792084,25.348124420270324,44.119070284068584,0.023873926997184727,0.002946280175819993,0.0009917552471160858,222.3224980926511,0.011736825,0.25,45.71361541748047,0.14613203126192092
52000,0.015385063202120363,0.37722799479961394,0.3389675,38.29054482880747,0.00014130875933915377,0.010231886617839336,0.3188790656626225,0.02944415198382921,25.36653825081885,45.075276494026184,0.02350479209423067,0.002905739936977625,0.0009793331623077408,220.14410775756798,0.011646294,0.26,45.609676361083984,0.13121423217654243
54000,0.015312935318797832,0.3771136373281479,0.33951807,38.647719870540584,0.00014293479034677148,0.009982671006582677,0.31890186220407485,0.024751078549306853,25.39352234452963,45.064717531204224,0.023369469881057783,0.0028891079127788544,0.0009813890457153283,216.90865037536605,0.0115492875,0.27,45.53045654296875,0.1322133872434506
56000,0.015266660135239366,0.37697782292962073,0.34008655,38.92575566796586,0.00010356565326219425,0.009753369842655957,0.31892957985401155,0.02239217966515573,25.420754123479128,45.051698479801416,0.023796904921531727,0.0028755427338182926,0.0010036243200302133,217.2272105026247,0.011450934,0.28,45.612056732177734,0.1334955039396882
58000,0.01522110071964562,0.3768688179552555,0.34039912,39.254839309687284,0.00011572014045668766,0.009673792775720358,0.3189509458839893,0.02816544055228586,25.44900099746883,45.44557090848684,0.02404897117614747,0.0029653117526322603,0.0010163108110427853,218.70715733337425,0.011357909,0.29,45.71382522583008,0.11985857904329868
60000,0.015188242727890612,0.37676153257489203,0.34067348,39.62382721859031,0.00012420756684150547,0.009670328698121011,0.31898054108023643,0.017320355561561876,25.47321366146207,46.63644898682833,0.02396785223484039,0.0029273033142089844,0.0010087168216705298,221.62497953796338,0.011274852,0.3,45.99781036376953,0.10682747358456271
62000,0.015153677319176495,0.37664175033569336,0.3410166,39.86659649116475,0.00017772111459635198,0.009639418916776776,0.31900605410337446,0.014198785523301897,25.496746180579066,46.62473984062672,0.023980429887771514,0.00298045645467937,0.0010070891380310077,217.856820365906,0.011197525,0.31,46.0389289855957,0.1163887886144222
64000,0.015114980656653643,0.37653354853391646,0.341639,40.064993240235545,9.021766163641587e-05,0.009633653447963297,0.31902879029512404,0.011697729083360149,25.516648031771183,46.61480579525232,0.023973339438438556,0.002855073194950819,0.001012970209121703,217.03567416381853,0.011129163,0.32,46.08373260498047,0.12513267102092518
66000,0.01507964867632836,0.37643649950623514,0.34235227,40.237418046666555,0.00011037510557798669,0.009623524057678879,0.31905016079545023,0.016945015030214585,25.532683543860912,46.60506434738636,0.02405833423137667,0.0027884729206562042,0.001010132431983946,211.9333051300049,0.011065321,0.33,46.008060455322266,0.13112787078320956
68000,0.015050627198070288,0.37631123289465906,0.34296575,40.41519114433322,0.00010654931247700006,0.009467360726557673,0.31907536163926126,0.015649261235259476,25.556765450164676,46.59354230388999,0.02409333872795106,0.0027877839747816324,0.0010139620304107696,210.24384190368662,0.010998368,0.34,46.14651870727539,0.12493882077559802
70000,0.015018025296740234,0.3761987693607807,0.34352607,40.53496321622282,0.00010172459587920457,0.00926347787026316,0.31910215243697165,0.017142291297437655,25.57672210969031,46.57738879323006,0.024238439083099417,0.0027888331096619368,0.0010111417770385775,210.02593663787786,0.010927863,0.35,46.26493835449219,0.12519325872138132
72000,0.014987610722891988,0.37607408612966536,0.3440311,40.62207811888164,0.0001405939256073907,0.009135364810936153,0.3191319853067398,0.01566606224491262,25.596942519769073,46.564876567572355,0.02409188961982729,0.002797631314024329,0.0010055992603302001,211.53997578430187,0.010859236,0.36,46.49881362915039,0.1294976700060072
74000,0.014959272486157716,0.37595658376812935,0.3444795,40.71529431672146,0.0001007000682875514,0.009100167569704354,0.31916000992059707,0.014860727481776883,25.619574869051576,46.52845775708556,0.023856950521469068,0.0027998292353004217,0.0010090061426162697,211.0877628097539,0.010793952,0.37,46.748104095458984,0.12436897554993627
76000,0.014925371645949781,0.3758343294262886,0.3446496,40.78892118892899,9.011608926812187e-05,0.00909603675827384,0.31918341889977453,0.01608003508008549,25.636842381209135,46.50905933231115,0.024388149261474583,0.0027981719467788935,0.0010162397623062129,211.61063124084464,0.010735012,0.38,46.80082321166992,0.1305180017091338
78000,0.014898279868066312,0.37573466673493383,0.34476104,40.86636733074255,8.328902185894549e-05,0.009097060794010759,0.3192066833376884,0.020099231780157503,25.651841145008802,46.490554977208376,0.023866605281829854,0.002782729221507907,0.0010177000761032084,215.574146286011,0.010682336,0.39,47.205604553222656,0.145047179192305
80000,0.014867769577540458,0.37563171833753584,0.3448604,40.962689170893285,6.740535900462419e-05,0.00909299689810723,0.31923141703009605,0.011444811842055074,25.669418927282095,46.48256087675691,0.023898921012878417,0.002794921165332198,0.0010195074081420898,213.9914823074334,0.010631331,0.4,47.38727951049805,0.14361177163571154
82000,0.014838260761462153,0.3755168214440346,0.34488326,41.01337545091707,6.794295768486336e-05,0.009038384607993066,0.31925014927983286,0.013124244172358916,25.688864989206195,46.47591216489673,0.02407308363914488,0.002791669452562928,0.001032918214797973,213.41073429107612,0.010578151,0.41,47.48648452758789,0.14325660430639917
84000,0.014806073205545545,0.3753992304205895,0.3448621,41.05737931691692,7.703882874920964e-05,0.008879373152740299,0.31927134916186334,0.014181818186771094,25.705337431281805,46.46916054189205,0.024589827060699416,0.0027733680326491594,0.0010395271778106735,214.59390311431866,0.010524405,0.42,47.62577438354492,0.14242548621445933
86000,0.014777638367377222,0.37529199421405796,0.34476468,41.12477058225848,7.053138688206673e-05,0.00887722042389214,0.3192988224327564,0.013798354291706361,25.724545028060675,46.45735640078783,0.024333528041839643,0.0028314196970313787,0.0010321824550628704,214.65423073577847,0.010476884,0.43,47.90651321411133,0.1299400053136054
88000,0.014746509329415854,0.37515906617045397,0.34464258,41.22693747158765,6.14261080045253e-05,0.008851626864634454,0.3193285405635834,0.009765966046368656,25.73965066112578,46.44118044525385,0.02397959041595453,0.0027720986399799585,0.00102327799797058,215.30200544738753,0.010430397,0.44,48.038665771484375,0.13087888682633628
90000,0.014709651470184326,0.3750178970396518,0.3444169,41.35414783297373,4.576276842271909e-05,0.008770332369022072,0.31936060786247256,0.01037068652035666,25.76116332784295,46.426483523100615,0.02403276562690731,0.002744279569014907,0.001010539770126346,210.60016728210437,0.010380647,0.45,48.07556915283203,0.12632586716860558
92000,0.014666007552295917,0.3749303176999092,0.34400472,41.469958984577616,4.280029679648578e-05,0.008651542058214546,0.3193855583667755,0.0037970480967778712,25.778491282835603,46.41292383894324,0.024467149019241262,0.002718851435929537,0.0010212519168853748,207.63802705383296,0.010333091,0.46,48.03090286254883,0.1339134011566636
94000,0.014620381430722765,0.37482147514820097,0.3435982,41.59399222111883,4.518345667747781e-05,0.00864860184956342,0.3194173231720924,0.012657740004709908,25.796829257160425,46.43519278615713,0.024226013183593798,0.0026970503386110067,0.001017131805419922,207.78999842834529,0.010289865,0.47,47.993812561035156,0.1362645456790931
96000,0.014591960236430166,0.3746906600892544,0.3431488,41.68862044348038,5.1926966989412904e-05,0.008615783089771867,0.3194411963224411,0.017486110273050127,25.81551163457334,46.42727514728904,0.024509826540947046,0.002721787430346012,0.001021424889564511,207.03589939117492,0.0102434885,0.48,48.187007904052734,0.13540937323868246
98000,0.014561682078056037,0.37455657571554185,0.34269312,41.77251603986877,5.89760638831649e-05,0.008446004264988006,0.3194682843983173,0.015477620641584545,25.836665090173483,46.41905510798097,0.024311591386795037,0.0027176663279533386,0.0010098254680633535,209.0397625198361,0.01019601,0.49,48.29513931274414,0.14465108221769374
100000,0.014533205935731526,0.3744259379804134,0.3422323,41.81269969285931,5.0515925977379084e-05,0.00829797105398029,0.3194853328168392,0.009856013486045435,25.85634379647672,46.41023790463805,0.024528322696685746,0.002711591776460409,0.0010225756168365488,208.93020137786948,0.010147762,0.5,48.579795837402344,0.15426266009360515
102000,0.014497883222065858,0.37431436181068417,0.34167495,41.834553170290484,4.8481448175152764e-05,0.00824730098247528,0.3190106987953186,0.010271654821233813,25.87841898202896,46.40078283846378,0.024368623971939143,0.002707004314288497,0.0010137034654617324,209.0217844238289,0.0100997435,0.51,48.67708206176758,0.15965748068690327
104000,0.014466352807357903,0.3741189882159233,0.34115115,41.82992312225646,5.422265894594602e-05,0.008103483519516886,0.3189826212823391,0.015461642045527725,25.90285614132881,46.394133009016514,0.024310805559158277,0.002712070010602474,0.001016213655471803,209.43674926757765,0.010050333,0.52,48.77227783203125,0.17011150706559441
106000,0.014440813288092609,0.37391935363411904,0.34070396,41.82980620261108,4.883295696345158e-05,0.00798078691586852,0.3189932398498058,0.013373389808344651,25.922593381255865,46.38984855264425,0.02417857921123514,0.002696651266887784,0.0010136498212814352,210.5076526718131,0.010001268,0.53,48.848785400390625,0.16629290007799835
108000,0.0144152017775923,0.3737796068191528,0.34029275,41.83922532384961,6.070021117920987e-05,0.007925420138053595,0.31900435611605643,0.011042709362693132,25.950544886291027,46.38528134673834,0.024661427736282337,0.002710140310227871,0.0010305061340332015,208.17620482635525,0.0099537615,0.54,48.875823974609375,0.15834612336754764
110000,0.01438795996364206,0.373599062114954,0.33994254,41.866419122885496,7.528709102189168e-05,0.007897364720702172,0.3190125711262226,0.01070776806212961,25.97743244841695,46.38104625046253,0.02413203668594359,0.002728082472458482,0.0010119123458862274,208.86337899780264,0.009908069,0.55,49.02709197998047,0.14790030165761672
112000,0.014355769963003693,0.37342260554432866,0.33962578,41.88202176083122,6.413386290660128e-05,0.007864231895655393,0.31902126520872115,0.010538252216763784,25.998133094981313,46.3734139688313,0.024529680728912307,0.0027292813174426556,0.0010140551328659045,211.1335866928106,0.009862935,0.56,49.314456939697266,0.14979430026560983
114000,0.014327462180517614,0.37322103604674334,0.33923316,41.88416514444621,6.312468030955642e-05,0.007808972615748644,0.3189812868833542,0.007679401407367525,26.022240379825234,46.36578941717744,0.024484604477882397,0.00271032121963799,0.001017198085784911,207.938437484741,0.009816707,0.57,49.68044662475586,0.14927946735918488
116000,0.014298453484661876,0.37307640016078947,0.33871293,41.87563284756228,4.397529482957907e-05,0.007609170011710376,0.31838545203208923,0.00960964444780257,26.047254307195544,46.359060518443584,0.024261682748794516,0.002626916626468301,0.0010097094774246236,202.2841142578127,0.00976777,0.58,49.794105529785156,0.15849327529221818
118000,0.014263561996631324,0.37291318550705904,0.33816737,41.875034153670526,5.069949838798493e-05,0.007403169490862638,0.312858809530735,0.00549561751284637,26.067642029374838,46.35464735329151,0.024805129766464228,0.0026570502668619156,0.001018054723739627,200.38374984741188,0.009718973,0.59,49.93527603149414,0.15418319138884554
120000,0.014240768435411154,0.37273299917578695,0.33761883,41.90352450521663,4.5953664084663615e-05,0.00738496168050915,0.3116879127919674,0.006403479981468978,26.088789710775018,46.34734317660332,0.02468095338344577,0.00264908280223608,0.0010253608226776102,201.31003507232694,0.009672443,0.6,50.18434143066406,0.146511872529983
122000,0.014216519752517342,0.37250551283359523,0.33710033,41.921577992301216,3.471829040790908e-05,0.007368956820573658,0.31115125939249993,0.0035285558246541814,26.109574642032385,46.3396723382175,0.02423967897891998,0.0026243794709444046,0.0010058174133300785,198.96241217041,0.009626633,0.61,50.196258544921875,0.1491161091551183
124000,0.014191723405383527,0.37233377918601035,0.3365963,41.95186703037829,3.106999793089926e-05,0.007313752453774214,0.31086530834436416,0.002606739948736499,26.136827981099486,46.33164228871465,0.024130133509635866,0.0025817661080509424,0.000998381495475767,196.86788283538806,0.009581429,0.62,50.194034576416016,0.1486398931592702
126000,0.014163618744350964,0.37211802899837493,0.33609813,41.95955099487009,3.980478140874766e-05,0.007272025407291949,0.3105811133980751,0.002612991418107407,26.175077073276043,46.32365945726633,0.024120699644088788,0.0025564259849488735,0.0010071879625320494,194.08263221740768,0.009537616,0.63,50.246246337890625,0.1529344341382381
128000,0.01413789785001426,0.3719014048576355,0.33558676,41.9620875017545,3.148932592011988e-05,0.007261190842837095,0.310043728351593,0.003294137156801284,26.216520415619016,46.316703129559755,0.024181957960128803,0.0025657941587269306,0.0010094457864761376,192.7696301269529,0.009495349,0.64,50.27131271362305,0.14585161951184303
130000,0.014110559923574326,0.37168918624520303,0.33504638,41.962409210594544,3.2672935049049556e-05,0.007244013715535402,0.308068772405386,0.012919874513405363,26.274933712556958,46.30886232480407,0.02421755671501159,0.0025260644033551216,0.0010139856338500994,192.92379338073732,0.009451888,0.65,50.344058990478516,0.149499343052506
132000,0.014082064921967674,0.371475912630558,0.33451068,41.946140846353956,3.8668542401865125e-05,0.007094418746419251,0.30594652593135835,0.011189553627860704,26.31970616057515,46.30236187949777,0.02456335186958314,0.002532426966354251,0.0010288155078887972,190.5403523941037,0.009408645,0.66,50.35905456542969,0.15273875548690513
134000,0.014052635990083218,0.37130130678415296,0.33404633,41.93050302419681,3.894321707775816e-05,0.007032154803164303,0.3059851095080376,0.01246222009113989,26.38321714475751,46.29480689764023,0.02421401822566977,0.0024983391631394625,0.0010104633569717428,190.58196784210242,0.009366498,0.67,50.34697723388672,0.15830468580871768
136000,0.014029100607149302,0.37107884883880615,0.33359447,41.903553071190956,5.2405972382985055e-05,0.007001860125456005,0.30598617866635325,0.011562676169211044,26.43786263652146,46.286499593406916,0.02447005629539487,0.002478180453181267,0.0010221645832061785,188.18951123046853,0.00932289,0.68,50.441200256347656,0.1578030635789033
138000,0.013995894766412673,0.3708798602223396,0.3331147,41.870368224189825,5.381726077757776e-05,0.006832732330076396,0.30534397810697556,0.014141729055554605,26.495954860001802,46.279480680823326,0.02486411356925972,0.0024551230017095804,0.001027426958084105,186.87093939209,0.009278732,0.69,50.54883575439453,0.15683974412828713
140000,0.013974274136126041,0.3706809304654598,0.33263907,41.8430154980626,5.0004706281470135e-05,0.006731622153893113,0.30480742305517194,0.016817344639566714,26.5391340944916,46.275099739432335,0.024268562197685216,0.002480088034644723,0.0010142230987548843,186.77822707366965,0.009233179,0.7,50.709232330322266,0.1468167289420958
142000,0.013956114253960547,0.37046275734901424,0.33220017,41.81601562215107,4.875285958405584e-05,0.0065479137119837105,0.3048061430454254,0.01594966587144881,26.600380381569266,46.26933988183737,0.02420414102077486,0.0024924417957663536,0.0010181490182876566,187.859126754761,0.009187545,0.71,50.88570785522461,0.14420167563855638
144000,0.01393563584424555,0.37022989168763154,0.33178425,41.79195182489592,4.433226058608852e-05,0.006451688043307513,0.3047821201384068,0.018322700133314315,26.73286059871316,46.26238774508238,0.02470736527442933,0.0025057445745915174,0.0010291200876235977,188.58331391143776,0.00914087,0.72,51.026790618896484,0.1375834659039974
146000,0.013918345840647816,0.3700535029172897,0.33143818,41.7946207991816,3.495402415865101e-05,0.00629507121630013,0.3047914393246174,0.013398036288213937,26.798042841255665,46.25728176906705,0.024688360929489058,0.002492796629667282,0.0010238336324691793,189.20141317748997,0.009093557,0.73,51.18547821044922,0.127736326236278
148000,0.013894078345037994,0.3698758602142334,0.3311581,41.81255918748502,4.128491855226457e-05,0.006183196429628879,0.3048026837408543,0.012118590256781345,26.87178431078792,46.24955039471388,0.0241743245124817,0.002521541202440858,0.0010021476745605419,190.36706155395453,0.00904541,0.74,51.36565017700195,0.11869484671577801
150000,0.0138596762670204,0.36969508081674574,0.33088908,41.83685050694129,3.02358439512318e-05,0.006028267019428313,0.30481168404221537,0.010114488259423512,26.97042115032673,46.24272733926773,0.02460090458393093,0.0025489432737231255,0.0010218242406845077,192.5679529037479,0.008998632,0.75,51.50673294067383,0.11026198754087094
152000,0.013839318184182046,0.3694501332938671,0.33066526,41.858145464592695,2.724241312535014e-05,0.005998986936174333,0.3048189528286457,0.008791783620836224,27.075387304648757,46.23573673889041,0.025099579334259,0.0025183488614857197,0.0010330972671508793,192.06770214080802,0.008951558,0.76,51.79016876220703,0.11795998531952491
154000,0.013817269681021569,0.36907382458448407,0.33052805,41.88557944564955,2.4754819605732337e-05,0.005982352606952191,0.3048285812139511,0.010523798462818373,27.147285267710686,46.228365413844585,0.024031711935997013,0.002523006871342659,0.0010079073905944816,191.44763179016104,0.008907455,0.77,52.05397033691406,0.115684781331569
156000,0.013801986747421323,0.3688988141715526,0.33046618,41.92634482368115,2.8851318347733468e-05,0.005984306067693979,0.30483862534165385,0.008503256028983759,27.23392266780138,46.22240075841546,0.024250665545463516,0.002594702411442995,0.0010140247344970707,192.71230846405095,0.0088658435,0.78,52.20647048950195,0.11001436875015501
158000,0.013789320806972682,0.3687426373362541,0.33049658,41.97324520682889,3.322901829960756e-05,0.0059816655702888966,0.3048472084105015,0.00933305602241308,27.338393498212103,46.212698984891176,0.02457391119003294,0.0025668740272521973,0.0010152077674865758,194.72637467193638,0.008824925,0.79,52.31536102294922,0.10783599603921169
160000,0.01377333088312298,0.3683410987257957,0.3305903,42.0117305919395,4.759669172926806e-05,0.005929285893216729,0.3048571594059467,0.011242913326830622,27.50076320953667,46.20307646691799,0.024046887516975375,0.0027212046552449465,0.0010048092603683453,199.2625157852168,0.008782933,0.8,52.39063262939453,0.10862733142450406
162000,0.013756111892871558,0.36800880655646323,0.33076257,42.0624009751072,2.5067500246223062e-05,0.005878911085892469,0.3048683062195778,0.012491808774881073,27.58363108150661,46.19497889652848,0.02424702143669132,0.002711834851652384,0.0010090817213058477,204.9061119995121,0.008740372,0.81,52.68017578125,0.10816990815103089
164000,0.013740390120074147,0.3677562281489372,0.33092722,42.11628019172026,2.3533913918072358e-05,0.005791044025681913,0.30487912222743035,0.01126571558881549,27.672454109415412,46.24817315489054,0.024208969712257375,0.0027107293717563152,0.0010057965517044098,205.38083214569127,0.008697444,0.82,53.15562057495117,0.11211742819473142
166000,0.013727465947158632,0.36726075485348697,0.33107933,42.17408113213486,3.149879921693355e-05,0.005692151782568544,0.3048880971968174,0.007868112867116023,27.77489060536027,46.355972439050674,0.024446918368339475,0.0026593650691211224,0.0010194675922393797,203.47466590118407,0.008654888,0.83,53.361961364746094,0.11482842055708171
168000,0.013711250433698296,0.3669018611311912,0.33120945,42.234326636607484,2.738519287959207e-05,0.005611283367034048,0.3049003131687641,0.009013620839337854,27.860238449648023,46.471447218209505,0.024691741704940838,0.002697849180549383,0.0010165867805480996,203.55099186706545,0.008611694,0.84,53.48930740356445,0.1136659463793039
170000,0.01369618154130876,0.36643045768141724,0.33133876,42.29425771488498,4.0530321712139994e-05,0.005499687243718654,0.30491393283009527,0.009889803741127239,27.971143648028374,46.61801513284445,0.024098253130912742,0.002761725801974535,0.0010045758485794037,201.97374087524463,0.008568019,0.85,53.60853958129883,0.11402621027082177
172000,0.013682960323058066,0.36579182818531986,0.33151156,42.35422264869129,2.2256581360124983e-05,0.00537825112696737,0.3049239180982113,0.011300827106169902,28.154048044234514,46.69637372717261,0.02419846534729007,0.002660465193912387,0.0010130662918090845,200.1536357040404,0.00852325,0.86,53.65353012084961,0.10764158864691863
174000,0.01366739578079432,0.3652913734316826,0.33173442,42.41760392868045,2.1982876205584034e-05,0.005249825457576662,0.3049400895833969,0.010435105006792598,28.26151200570166,46.87230857089162,0.024247743129730284,0.0026387167163193226,0.0010110806226730357,200.19542885589556,0.00847734,0.87,53.72032928466797,0.10456613814458252
176000,0.013651697896420956,0.3647716455161571,0.33192408,42.46874857231831,2.2808797439211048e-05,0.0051012106472626325,0.30495112389326096,0.008075241055805253,28.462590742856264,46.868296433240175,0.024374714851379358,0.0025955780874937773,0.0010067858695983905,195.2105673980715,0.00843047,0.88,53.751007080078125,0.10379718942195162
178000,0.013634610176086423,0.36401445567607876,0.33209255,42.52118973444581,2.0675568521255627e-05,0.004893383709713817,0.30496465787291527,0.006635769216110931,28.588307369500402,46.877337992191315,0.024674168586730945,0.002576348837465048,0.0010243719816207901,193.81674538421638,0.008382516,0.89,53.82044982910156,0.09711061044037358
180000,0.013618206279352306,0.36375243216753006,0.33225012,42.56784833163256,2.1982436010148376e-05,0.004747066681738943,0.3049771778285503,0.0066951913634547945,28.80062758922577,46.872385405004025,0.024305099129676787,0.0025386661291122437,0.0010114852190017717,191.58495645141548,0.008332998,0.9,53.91944885253906,0.09575987242907298
182000,0.013605531584471463,0.3633814580738544,0.33236572,42.60821534912849,2.2759040803066455e-05,0.004538599180523306,0.3049885228276253,0.0086232366184704,29.01015249080956,46.86872083693743,0.02430382037162784,0.0025490205734968185,0.001008627891540529,190.15900130462657,0.008282426,0.91,53.98639678955078,0.09422720322385435
184000,0.013591841747984286,0.3630631484091282,0.33248934,42.64438334494693,2.075891097774729e-05,0.004316754266619682,0.30500259846448896,0.007820294895442208,29.163839528337125,46.866931300610304,0.024567044854164156,0.0025917417369782925,0.0010104408264160144,189.99878235626224,0.008230647,0.92,54.12915802001953,0.09450238763540986
186000,0.013579393224790692,0.36274370029568664,0.3326186,42.68609078153295,2.1864503651158884e-05,0.004153495805803686,0.3050141006708145,0.005580957441357898,29.35443697497249,46.86447232961655,0.024011571288108786,0.002596978796645999,0.0009950821399688737,192.38537471771272,0.008178428,0.93,54.30524826049805,0.09925848942249992
188000,0.01356623787432909,0.3622470714151859,0.33271286,42.72327804790499,2.2543094019056298e-05,0.003964694275055081,0.3050287589430809,0.005263996635796499,29.560760175809264,46.86221880838275,0.02403275597095487,0.0026282556354999542,0.0009984489679336556,191.38633403015075,0.008125835,0.94,54.452266693115234,0.09952943665161772
190000,0.013554526632651685,0.36198922097682945,0.33276471,42.76639501083204,2.2190910385688767e-05,0.003859413572354242,0.3050423763692379,0.007682278462569245,29.765039868652824,46.899394039064646,0.024403914213180455,0.0026701120659708977,0.0010109848976135225,195.95852998352092,0.008072801,0.95,54.628753662109375,0.09377787177264668
192000,0.013544446206651628,0.3617775522172451,0.33281738,42.825305199607946,1.874836925708223e-05,0.003719728987198323,0.30505189299583435,0.011276431199046782,29.998823162168268,47.185127809643745,0.024128995895385773,0.0026272651739418507,0.0010072112083435042,196.30562981414838,0.008019722,0.96,54.90571594238281,0.08883896853774767
194000,0.013533866149373353,0.3614351145923137,0.3329001,42.88513552315062,7.062708755256608e-05,0.003558691230136901,0.3050607979297638,0.010547583770588983,30.159925017505884,47.5095234811306,0.024983934164047202,0.0025694770738482475,0.0010358703136444127,193.45328686523422,0.007967694,0.97,55.20848083496094,0.08844637010991586
196000,0.013521184399724004,0.36107588633894916,0.33300683,42.932409488966435,1.9069984773523174e-05,0.0035084420058410616,0.3050724558532238,0.009615282760118141,30.326436646282673,47.569602727890015,0.02415427827835092,0.0025497637689113617,0.0010124281644821168,190.9651039505003,0.007916813,0.98,55.2686882019043,0.09392895372956972
198000,0.013510516053065656,0.36069046184420583,0.3331167,42.96546838473361,2.647210749273654e-05,0.0034943040984217076,0.3050862453877926,0.009671892206184562,30.70720657706261,47.563110664486885,0.02484450054168696,0.002587530529126525,0.001026388168334961,190.75854849243154,0.007866815,0.99,55.37746047973633,0.09986440584808577
200000,0.013499173056334256,0.3602633520960808,0.33323222,43.00025767637417,8.851907477946952e-05,0.0034853727847803384,0.3050981998443604,0.009828548965859218,30.93868005089462,47.55696253851056,0.02377834379672998,0.002602499444037676,0.00100177097320557,193.33759488678,0.007818051,1.0,55.5469970703125,0.10121785782650095
